{
    "01": {
        "depts": {
            "971": {
                "name": "Guadeloupe"
            }
        },
        "name": "Guadeloupe"
    },
    "02": {
        "depts": {
            "972": {
                "name": "Martinique"
            }
        },
        "name": "Martinique"
    },
    "03": {
        "depts": {
            "973": {
                "name": "Guyane"
            }
        },
        "name": "Guyane"
    },
    "04": {
        "depts": {
            "974": {
                "name": "La R\u00e9eunion"
            }
        },
        "name": "La R\u00e9eunion"
    },
    "06": {
        "depts": {
            "976": {
                "name": "Mayotte"
            }
        },
        "name": "Mayotte"
    },
    "11": {
        "depts": {
            "75": {
                "name": "Paris"
            },
            "77": {
                "name": "Seine-et-Marne"
            },
            "78": {
                "name": "Yvelines"
            },
            "91": {
                "name": "Essonne"
            },
            "92": {
                "name": "Hauts-de-Seine"
            },
            "93": {
                "name": "Seine-Saint-Denis"
            },
            "94": {
                "name": "Val-de-Marne"
            },
            "95": {
                "name": "Val-d'Oise"
            }
        },
        "name": "\u00cele-de-France"
    },
    "21": {
        "depts": {
            "08": {
                "name": "Ardennes"
            },
            "10": {
                "name": "Aube"
            },
            "51": {
                "name": "Marne"
            },
            "52": {
                "name": "Haute-Marne"
            }
        },
        "name": "Champagne-Ardenne"
    },
    "22": {
        "depts": {
            "02": {
                "name": "Aisne"
            },
            "60": {
                "name": "Oise"
            },
            "80": {
                "name": "Somme"
            }
        },
        "name": "Picardie"
    },
    "23": {
        "depts": {
            "27": {
                "name": "Eure"
            },
            "76": {
                "name": "Seine-Maritime"
            }
        },
        "name": "Haute-Normandie"
    },
    "24": {
        "depts": {
            "18": {
                "name": "Cher"
            },
            "28": {
                "name": "Eure-et-Loir"
            },
            "36": {
                "name": "Indre"
            },
            "37": {
                "name": "Indre-et-Loire"
            },
            "41": {
                "name": "Loir-et-Cher"
            },
            "45": {
                "name": "Loiret"
            }
        },
        "name": "Centre"
    },
    "25": {
        "depts": {
            "14": {
                "name": "Calvados"
            },
            "50": {
                "name": "Manche"
            },
            "61": {
                "name": "Orne"
            }
        },
        "name": "Basse-Normandie"
    },
    "26": {
        "depts": {
            "21": {
                "name": "C\u00f4te-d'Or"
            },
            "58": {
                "name": "Ni\u00e8vre"
            },
            "71": {
                "name": "Sa\u00f4ne-et-Loire"
            },
            "89": {
                "name": "Yonne"
            }
        },
        "name": "Bourgogne"
    },
    "31": {
        "depts": {
            "59": {
                "name": "Nord"
            },
            "62": {
                "name": "Pas-de-Calais"
            }
        },
        "name": "Nord-Pas-de-Calais"
    },
    "41": {
        "depts": {
            "54": {
                "name": "Meurthe-et-Moselle"
            },
            "55": {
                "name": "Meuse"
            },
            "57": {
                "name": "Moselle"
            },
            "88": {
                "name": "Vosges"
            }
        },
        "name": "Lorraine"
    },
    "42": {
        "depts": {
            "67": {
                "name": "Bas-Rhin"
            },
            "68": {
                "name": "Haut-Rhin"
            }
        },
        "name": "Alsace"
    },
    "43": {
        "depts": {
            "25": {
                "name": "Doubs"
            },
            "39": {
                "name": "Jura"
            },
            "70": {
                "name": "Haute-Sa\u00f4ne"
            },
            "90": {
                "name": "Territoire de Belfort"
            }
        },
        "name": "Franche-Comt\u00e9"
    },
    "52": {
        "depts": {
            "44": {
                "name": "Loire-Atlantique"
            },
            "49": {
                "name": "Maine-et-Loire"
            },
            "53": {
                "name": "Mayenne"
            },
            "72": {
                "name": "Sarthe"
            },
            "85": {
                "name": "Vend\u00e9e"
            }
        },
        "name": "Pays de la Loire"
    },
    "53": {
        "depts": {
            "22": {
                "name": "C\u00f4tes-d'Armor"
            },
            "29": {
                "name": "Finist\u00e8re"
            },
            "35": {
                "name": "Ille-et-Vilaine"
            },
            "56": {
                "name": "Morbihan"
            }
        },
        "name": "Bretagne"
    },
    "54": {
        "depts": {
            "16": {
                "name": "Charente"
            },
            "17": {
                "name": "Charente-Maritime"
            },
            "79": {
                "name": "Deux-S\u00e8vres"
            },
            "86": {
                "name": "Vienne"
            }
        },
        "name": "Poitou-Charentes"
    },
    "72": {
        "depts": {
            "24": {
                "name": "Dordogne"
            },
            "33": {
                "name": "Gironde"
            },
            "40": {
                "name": "Landes"
            },
            "47": {
                "name": "Lot-et-Garonne"
            },
            "64": {
                "name": "Pyr\u00e9n\u00e9es-Atlantiques"
            }
        },
        "name": "Aquitaine"
    },
    "73": {
        "depts": {
            "09": {
                "name": "Ari\u00e8ge"
            },
            "12": {
                "name": "Aveyron"
            },
            "31": {
                "name": "Haute-Garonne"
            },
            "32": {
                "name": "Gers"
            },
            "46": {
                "name": "Lot"
            },
            "65": {
                "name": "Hautes-Pyr\u00e9n\u00e9es"
            },
            "81": {
                "name": "Tarn"
            },
            "82": {
                "name": "Tarn-et-Garonne"
            }
        },
        "name": "Midi-Pyr\u00e9n\u00e9es"
    },
    "74": {
        "depts": {
            "19": {
                "name": "Corr\u00e8ze"
            },
            "23": {
                "name": "Creuse"
            },
            "87": {
                "name": "Haute-Vienne"
            }
        },
        "name": "Limousin"
    },
    "82": {
        "depts": {
            "01": {
                "name": "Ain"
            },
            "07": {
                "name": "Ard\u00e8che"
            },
            "26": {
                "name": "Dr\u00f4me"
            },
            "38": {
                "name": "Is\u00e8re"
            },
            "42": {
                "name": "Loire"
            },
            "69": {
                "name": "Rh\u00f4ne"
            },
            "73": {
                "name": "Savoie"
            },
            "74": {
                "name": "Haute-Savoie"
            }
        },
        "name": "Rh\u00f4ne-Alpes"
    },
    "83": {
        "depts": {
            "03": {
                "name": "Allier"
            },
            "15": {
                "name": "Cantal"
            },
            "43": {
                "name": "Haute-Loire"
            },
            "63": {
                "name": "Puy-de-D\u00f4me"
            }
        },
        "name": "Auvergne"
    },
    "91": {
        "depts": {
            "11": {
                "name": "Aude"
            },
            "30": {
                "name": "Gard"
            },
            "34": {
                "name": "H\u00e9rault"
            },
            "48": {
                "name": "Loz\u00e8re"
            },
            "66": {
                "name": "Pyr\u00e9n\u00e9es-Orientales"
            }
        },
        "name": "Languedoc-Roussillon"
    },
    "93": {
        "depts": {
            "04": {
                "name": "Alpes-de-Haute-Provence"
            },
            "05": {
                "name": "Hautes-Alpes"
            },
            "06": {
                "name": "Alpes-Maritimes"
            },
            "13": {
                "name": "Bouches-du-Rh\u00f4ne"
            },
            "83": {
                "name": "Var"
            },
            "84": {
                "name": "Vaucluse"
            }
        },
        "name": "Provence-Alpes-C\u00f4te d'Azur"
    },
    "94": {
        "depts": {
            "2A": {
                "name": "Corse-du-Sud"
            },
            "2B": {
                "name": "Haute-Corse"
            }
        },
        "name": "Corse"
    }
}